Permalink,Name,AC.no,Results
http://www.dh-jac.net/db/nishikie/arcUP6656/portal/,北尾政美,arcUP6656,0
http://www.dh-jac.net/db/nishikie/008-C010/portal/,小林永濯,008-C010,1
http://www.dh-jac.net/db/nishikie/008-030-01/portal/,小林永濯,008-030-01,1
http://www.dh-jac.net/db/nishikie/008-029-35/portal/,小林永濯,008-029-35,1
http://www.dh-jac.net/db/nishikie/008-029-34/portal/,小林永濯,008-029-34,1
http://www.dh-jac.net/db/nishikie/008-029-33/portal/,小林永濯,008-029-33,1
http://www.dh-jac.net/db/nishikie/arcUP0541/portal/,尾形月耕,arcUP0541,1
http://www.dh-jac.net/db/nishikie/arcUP0543/portal/,尾形月耕,arcUP0543,0
http://www.dh-jac.net/db/nishikie/0422-C004/portal/,尾形月耕,0422-C004,1
http://www.dh-jac.net/db/nishikie/258-C005-003/portal/,尾形月耕,258-C005-003,1
http://www.dh-jac.net/db/nishikie/258-C005-003/portal/,尾形月耕,258-C005-010,1
http://www.dh-jac.net/db/nishikie/258-C005-015/portal/,尾形月耕,258-C005-015,1
http://www.dh-jac.net/db/nishikie/258-C005-017/portal/,尾形月耕,258-C005-017,1
http://www.dh-jac.net/db/nishikie/258-C005-019/portal/,尾形月耕,258-C005-019,1
http://www.dh-jac.net/db/nishikie/258-C005-020/portal/,尾形月耕,258-C005-020,1
http://www.dh-jac.net/db/nishikie/0431-C013/portal/,尾形月耕,0431-C013,1
http://www.dh-jac.net/db/nishikie/0452-C003(03)/portal/,尾形月耕,0452-C003(03),0
http://www.dh-jac.net/db/nishikie/arcUP0841/portal/,月岡耕漁,arcUP0841,1
http://www.dh-jac.net/db/nishikie/arcUP0842/portal/,月岡耕漁,arcUP0842,0
http://www.dh-jac.net/db/nishikie/arcUP0843/portal/,月岡耕漁,arcUP0843,0
http://www.dh-jac.net/db/nishikie/arcUP0844/portal/,月岡耕漁,arcUP0844,0
http://www.dh-jac.net/db/nishikie/arcUP0845/portal/,月岡耕漁,arcUP0845,1
http://www.dh-jac.net/db/nishikie/arcUP0846/portal/,月岡耕漁,arcUP0846,0
http://www.dh-jac.net/db/nishikie/arcUP0849/portal/,月岡耕漁,arcUP0849,0
http://www.dh-jac.net/db/nishikie/arcUP0850/portal/,月岡耕漁,arcUP0850,0
http://www.dh-jac.net/db/nishikie/arcUP0851/portal/,月岡耕漁,arcUP0851,0
http://www.dh-jac.net/db/nishikie/Z0167-035/portal/,北尾政美,Z0167-035,0
http://www.dh-jac.net/db/nishikie/MFA-21.5790/portal/,北尾政美,MFA-21.5790,1
http://www.dh-jac.net/db/nishikie/MFA-21.5794/portal/,北尾政美,MFA-21.5794,0
http://www.dh-jac.net/db/nishikie/BM-1906_1220_0110/portal/,北尾政美,BM-1906_1220_0110,0
http://www.dh-jac.net/db/nishikie/BM-1906_1220_0111/portal/,北尾政美,BM-1906_1220_0111,0
http://www.dh-jac.net/db/nishikie/BN0382942X-1-01/portal/,月岡雪鼎,BN0382942X-1-01,0
http://www.dh-jac.net/db/nishikie/BN0382942X-1-07/portal/,祇園井特,BN0382942X-1-07,1
http://www.dh-jac.net/db/nishikie/BN0382942X-1-21/portal/,祇園井特,BN0382942X-1-21,1
http://www.dh-jac.net/db/nishikie/BN11759261-07-1-52/portal/,祇園井特,BN11759261-07-1-52,1
http://www.dh-jac.net/db/nishikie/arcHS02-0010/portal/,祇園井特,arcHS02-0010,1
http://www.dh-jac.net/db/nishikie/arcHS02-0011/portal/,祇園井特,arcHS02-0011,0
http://www.dh-jac.net/db/nishikie/Z0172-747/portal/,西川祐信,Z0172-747,0
http://www.dh-jac.net/db/nishikie/BN03826716-1-01/portal/,西川祐信,BN03826716-1-01,0
http://www.dh-jac.net/db/nishikie/BN03826716-1-02/portal/,西川祐信,BN03826716-1-02,1
http://www.dh-jac.net/db/nishikie/BN03826716-1-02/portal/,西川祐信,BN03826716-1-02,1
http://www.dh-jac.net/db/nishikie/BN03826716-1-03/portal/,西川祐信,BN03826716-1-03,0
http://www.dh-jac.net/db/nishikie/BN03826716-1-04/portal/,西川祐信,BN03826716-1-04,1
http://www.dh-jac.net/db/nishikie/BN03826716-1-05/portal/,西川祐信,BN03826716-1-05,0
http://www.dh-jac.net/db/nishikie/BN03826716-1-07/portal/,西川祐信,BN03826716-1-07,1
http://www.dh-jac.net/db/nishikie/BN03826716-1-09/portal/,西川祐信,BN03826716-1-09,1
http://www.dh-jac.net/db/nishikie/BN03826716-1-13/portal/,西川祐信,BN03826716-1-13,0
http://www.dh-jac.net/db/nishikie/K650.1-011/portal/,鳥居  清長,K650.1-011,1
http://www.dh-jac.net/db/nishikie/LOC00150/portal/,鳥居  清長,LOC00150,1
http://www.dh-jac.net/db/nishikie/MET-DP124212/portal/,鳥居  清長,MET-DP124212,1
http://www.dh-jac.net/db/nishikie/MET-DP124283/portal/,鳥居  清長,MET-DP124283,0
http://www.dh-jac.net/db/nishikie/MET-DP124284/portal/,鳥居  清長,MET-DP124284,0
http://www.dh-jac.net/db/nishikie/MET-DP130041/portal/,鳥居  清長,MET-DP130041,1
http://www.dh-jac.net/db/nishikie/tnm-C0088562/portal/,鳥居  清長,tnm-C0088562,0
http://www.dh-jac.net/db/nishikie/MFA-21.5474/portal/,鳥居  清長,MFA-21.5474,1
http://www.dh-jac.net/db/nishikie/MFA-21.5475/portal/,鳥居  清長,MFA-21.5475,1
http://www.dh-jac.net/db/nishikie/MFA-21.5476/portal/,鳥居  清長,MFA-21.5476,1
http://www.dh-jac.net/db/nishikie/arcUP2937/portal/,歌川豊国,arcUP2937,0
http://www.dh-jac.net/db/nishikie/arcUP1796/portal/,歌川豊国,arcUP1796,1
http://www.dh-jac.net/db/nishikie/arcUP3489/portal/,歌川豊国,arcUP3489,1
http://www.dh-jac.net/db/nishikie/arcUP3805/portal/,歌川豊国,arcUP3805,1
http://www.dh-jac.net/db/nishikie/arcUP4525/portal/,歌川豊国,arcUP4525,1
http://www.dh-jac.net/db/nishikie/arcUP4542/portal/,歌川豊国,arcUP4542,0
http://www.dh-jac.net/db/nishikie/arcUP5783/portal/,歌川豊国,arcUP5783,0
http://www.dh-jac.net/db/nishikie/NDL-378-00-011/portal/,歌川豊国,NDL-378-00-011,1
http://www.dh-jac.net/db/nishikie/NDL-378-00-017/portal/,歌川豊国,NDL-378-00-017,1
http://www.dh-jac.net/db/nishikie/NDL-378-00-020/portal/,歌川豊国,NDL-378-00-020,1
http://www.dh-jac.net/db/nishikie/NDL-378-00-022/portal/,歌川豊国,NDL-378-00-022,1
http://www.dh-jac.net/db/nishikie/NDL-562-00-191/portal/,歌川豊国,NDL-562-00-191,0
http://www.dh-jac.net/db/nishikie/NDL-563-00-018/portal/,歌川豊国,NDL-563-00-018,0
http://www.dh-jac.net/db/nishikie/mai01k48/portal/,歌川豊国,mai01k48,1
http://www.dh-jac.net/db/nishikie/MFA-11.15938/portal/,歌川豊国,MFA-11.15938,1
http://www.dh-jac.net/db/nishikie/MFA-11.21785/portal/,歌川豊国,MFA-11.21785,1
http://www.dh-jac.net/db/nishikie/MFA-11.25084/portal/,歌川豊国,MFA-11.25084,1
http://www.dh-jac.net/db/nishikie/MFA-11.25087/portal/,歌川豊国,MFA-11.25087,1
http://www.dh-jac.net/db/nishikie/BM-1902_0212_0298/portal/,歌川豊国,BM-1902_0212_0298,0
http://www.dh-jac.net/db/nishikie/BM-1902_0212_0307/portal/,歌川豊国,BM-1902_0212_0307,1
http://www.dh-jac.net/db/nishikie/BM-paul0138/portal/,歌川豊国,BM-paul0138,1
http://www.dh-jac.net/db/nishikie/BM-paul0139/portal/,歌川豊国,BM-paul0139,1
http://www.dh-jac.net/db/nishikie/arcUP4230/portal/,月岡芳年,arcUP4230,1
http://www.dh-jac.net/db/nishikie/arcUP4375/portal/,月岡芳年,arcUP4375,1
http://www.dh-jac.net/db/nishikie/arcUP5090/portal/,月岡芳年,arcUP5090,0
http://www.dh-jac.net/db/nishikie/arcUP5091/portal/,月岡芳年,arcUP5091,1
http://www.dh-jac.net/db/nishikie/arcUP5092/portal/,月岡芳年,arcUP5092,1
http://www.dh-jac.net/db/nishikie/arcUP5093/portal/,月岡芳年,arcUP5093,0
http://www.dh-jac.net/db/nishikie/arcUP5095/portal/,月岡芳年,arcUP5095,1
http://www.dh-jac.net/db/nishikie/arcUP5097/portal/,月岡芳年,arcUP5097,1
http://www.dh-jac.net/db/nishikie/arcUP5098/portal/,月岡芳年,arcUP5098,1
http://www.dh-jac.net/db/nishikie/arcUP5099/portal/,月岡芳年,arcUP5099,1
http://www.dh-jac.net/db/nishikie/arcUP5101/portal/,月岡芳年,arcUP5101,1
http://www.dh-jac.net/db/nishikie/arcUP5103/portal/,月岡芳年,arcUP5103,1
http://www.dh-jac.net/db/nishikie/arcUP5361/portal/,月岡芳年,arcUP5361,1
http://www.dh-jac.net/db/nishikie/arcUP5402/portal/,月岡芳年,arcUP5402,0
http://www.dh-jac.net/db/nishikie/arcUP5584/portal/,月岡芳年,arcUP5584,1
http://www.dh-jac.net/db/nishikie/shiUY0275/portal/,月岡芳年,shiUY0275,0
http://www.dh-jac.net/db/nishikie/061-C001-043/portal/,月岡芳年,061-C001-043,0
http://www.dh-jac.net/db/nishikie/Adachiku-917./portal/,月岡芳年,Adachiku-917.,1
http://www.dh-jac.net/db/nishikie/Adachiku-916./portal/,月岡芳年,Adachiku-916.,1
http://www.dh-jac.net/db/nishikie/087-C001(01)/portal/,月岡芳年,087-C001(01),1